"Фото: РИА Новости О продолжении переговоров России и Японии о заключении мирного договора не может быть и речи, а отношения двух стран обречены на коллапс из-за международного осуждения российской операции на Украине. Об этом в беседе с «Лентой.ру» заявил доцент МГИМО МИД России Владимир Нелидов. Японист напомнил, что новый премьер-министр Японии Фумио Кисида с момента вступления в должность делал акцент на сотрудничестве Соединенными Штатами, поэтому нет ничего удивительного в том, что японские власти солидаризировались с Западом. Более того, переговоры зашли в тупик еще при премьер-министре Синдзо Абэ, ушедшем в отставку в 2020 году. «Коллапс отношений с Западом, по всей видимости, охватит и отношения с Японией. Ни о каких переговорах о заключении мирного договора или территориальном размежевании в обозримой перспективе речи идти не может», — предрек Нелидов. Он предположил, что Япония, скорее всего, ужесточит свою позицию по отношению к России в своих доктринальных документах, а также станет более активно продвигать свою риторику о принадлежности Южных Курил Японии. В нынешних обстоятельствах также исключается смягчение российской позиции по территориальному спору или уступках со стороны Москвы, заявил Нелидов. Ранее Япония внесла в санкционный список шесть человек из руководства России, включая президента страны Владимира Путина, замглавы Совета безопасности Дмитрия Медведева и главу МИД Сергея Лаврова. Кроме того, ограничительные меры приняты в отношении белорусского лидера Александра Лукашенко. Москва и Токио не могут подписать мирный договор по итогам Второй мировой войны из-за территориального спора вокруг южной части Курил. Япония считает острова Итуруп, Кунашир, Шикотан и группу островов Хабомаи своими «северными территориями». Москва не признает самого факта территориального спора."
"Джо Байден. Фото: Kevin Lamarque / Reuters Президент США Джо Байден заявил, что Россия отказалась от попыток дипломатического решения проблем безопасности в Европе, так как изначально планировала проведение специальной операции на Украине. Об этом сообщает ТАСС со ссылкой на выдержки из предстоящего обращения американского лидера к Конгрессу США с ежегодным посланием «О положении страны». Байден подчеркнул, что развязанный Москвой конфликт был преднамеренным и неспровоцированными. Байден отметил, что, по его мнению, президент России Владимир Путин отверг усилия в сфере дипломатии. «Он считал, что Запад и НАТО не ответят. И он считал, что сможет расколоть нас здесь, на родине», — сказал глава США. Он также добавил, что российский лидер ошибался и западные страны были готовы к такому развитию событий. Ранее пресс-секретарь Белого дома Джен Псаки заявила, что Байден не будет посылать национальные войска на Украину, чтобы воевать с Россией. «Президент не планирует посылать американских военнослужащих для того, чтобы воевать на Украине против России», — ответила она на вопрос журналистов о возможной отправке войск в Европу. 24 февраля Путин объявил о проведении специальной военной операции по защите Донбасса. Путин также обратился к внешним силам, которые могут попытаться создать угрозу для России. По его словам, ответ России будет незамедлительным."
"Фото: Diego Cupolo / ZUMAPRESS.com / Global Look Press Турция отказалась пропускать три российских корабля, которые базируются за пределами Черного моря. Об этом сообщил министр иностранных дел Турции Мевлют Чавушоглу в интервью телеканалу Haberturk, передает ТАСС. Как рассказал Чавушоглу, российская сторона оповещала о том, что 27-28 февраля в Черное море отправятся четыре корабля. «Три из них не были зарегистрированы на базах в Черном море. Мы сказали: ""Не отправляйте эти корабли""», — добавил он. Кроме того, Турция намерена применить 19-ю статью Конвенции Монтре о проходе военных кораблей через проливы Дарданеллы и Босфор. «Мы приняли решение, что сейчас идет война. Мы официально оповестили страны-участницы», — констатировал глава турецкого МИД. О том, что Турция воспользуется полномочиями по конвенции Монтре в отношении движения судов в проливе Босфор и Дарданеллы, ранее заявил президент этой страны Реджеп Тайип Эрдоган. По словам турецкого лидера, Анкара готова к решительным действиям, чтобы предотвратить эскалацию ситуации на Украине."
"Фото: Toby Melville / Reuters Власти Великобритании наделили себя полномочиями задерживать российские суда. Об этом сообщает ТАСС со ссылкой на заявление МИД Британии. В ведомстве рассказали, что теперь российские суда будут под запретом в британских портах после нового пакета санкций против Москвы. Согласно новому закону, запрет будет распространяться на все суда, которые принадлежат или управляются кем-то, кто связан с Россией, объяснили в министерстве. Ранее сообщалось, что Турция отказалась пропускать три российских корабля, которые базируются за пределами Черного моря. По словам министра иностранных дел Турции Мевлюта Чавушоглу, российская сторона оповещала о том, что 27-28 февраля в Черное море отправятся четыре корабля. «Три из них не были зарегистрированы на базах в Черном море. Мы сказали: ""Не отправляйте эти корабли""», — добавил он."
"Фото: Pixabay Постоянные представители стран Евросоюза при ЕС одобрили ряд новых санкций против России, пишет РИА Новости. По информации агентства, постпреды заявили о готовности ввести запрет на вещание Russia Today и Sputnik на территории всех стран. «Coreper II одобрил сегодня вечером санкции, направленные на исключение некоторых российских банков из системы SWIFT, в координации с нашими международными партнерами, запрет участвовать или вкладывать в проекты, софинансируемые Российским фондом прямых инвестиций, запрет на вещание в ЕС Sputnik и RT», — заявили во французском председательстве в Совете ЕС. Уточняется, что меры вступят в силу после того, как будут опубликованы в официальном журнале. Ранее социальная сеть Instagram заблокировала все аккаунты телеканала RT в 27 европейских странах. До этого доступ к их страницам ограничил Facebook. Аккаунт телеканала заблокировали в 27 странах."
"Фото: Sean Kilpatrick / Keystone Press Agency / Global Look Press Глава Министерства финансов Канады Христя Фриланд анонсировала новые санкции против России. Об этом сообщает РИА Новости. «Я хочу уверить всех канадцев, и я хочу уверить Россию, что мы готовим дополнительные меры», — сказала она. По словам главы Минфина, о них будет объявлено в ближайшие дни. 23 февраля премьер-министр Канады Джастин Трюдо сообщил, что страна ввела санкции в отношении России из-за ее признания Донецкой и Луганской народных республик (ДНР и ЛНР). Позже страна запретила российским кораблям заходить в свои порты."
"Геннадий Гатилов. Фото: Валерий Мельников / РИА Новости Постоянный представитель России при женевском отделении ООН Геннадий Гатилов в интервью телеканалу Al-Mayadeen призвал убрать отовсюду ядерное оружие, пишет РИА Новости. По словам постпреда, настало время сделать это как в Западной и Восточной Европе, так и во всем мире. Гатилов также заявил, что Москва давно требовала от Вашингтона убрать военные базы от российских границ. Дипломат отметил, что США не могут исключить Россию из Совета безопасности ООН или Совета по правам человека. Ранее президент США Джо Байден, выступая в Белом доме, оценил вероятность ядерной войны и заявил, что американцам не следует ее опасаться. 27 февраля президент России Владимир Путин отдал приказ Министерству обороны перевести российские силы сдерживания в особый режим дежурства."
"Анналена Бербок. Фото: Kay Nietfeld / dpa / Global Look Press Глава МИД Германии Анналена Бербок обвинила Россию в злоупотреблении своими полномочиями в качестве члена Совбеза ООН. Ее слова на сессии Генассамблеи передает РИА Новости. «Вы говорите, что действуете в целях самообороны. Но весь мир наблюдал, как вы группировали свои войска в течение месяцев, готовясь к этой атаке. Вы говорите, что Россия действует, чтобы защитить русскоязычных от агрессии. Но сегодня весь мир наблюдает, как вы бомбите дома русскоязычных украинцев в Харькове», — заявила Бербок, заочно обращаясь к российскому коллеге Сергею Лаврову. Она также отметила, что глава МИД России может «обманывать себя», но «не обманет свой народ» и ООН. Бербок добавила, что Германия «глубоко осознает свою историческую ответственность», поэтому намерена поставить на Украину оружие. Она подчеркнула, что в Берлине всегда были и будут привержены дипломатии, однако когда «мирный порядок подвергается нападкам», необходимо «противостоять этой новой реальности». Ранее официальный представитель МИД России Мария Захарова прокомментировала заявление канцлера ФРГ Олафа Шольца о необходимости исторического примирения народов России и Германии. Захарова напомнила, что «как и много раз в истории» вооружение с немецкой земли направят против русских солдат."
"Фото: Александр Кряжев / РИА Новости Член украинской делегации Давид Арахамия заявил, что переговоры с Россией пройдут не в Беловежской пуще в Белоруссии, а в другом месте. Об этом он написал в Facebook. «Информация о переговорах в Беловежской пущи не соответствует действительности. Переговоры действительно будут, но место другое. Все подробности будут позже», — заявил представитель украинской стороны. Ранее помощник президента России Владимир Мединский заявил, что на переговорах с Украиной будет обсуждаться вопрос о прекращении огня. Он напомнил, что на прошлой встрече Россия огласила ряд предложений, которые связаны с немедленным режимом прекращения огня. В первом раунде переговоров со стороны России участвовали заместитель министра иностранных дел Андрей Руденко, глава комитета Госдумы по международным делам Леонид Слуцкий, посол в Белоруссии Борис Грызлов и замминистра обороны Александр Фомин. 24 февраля президент России Владимир Путин объявил, что принял решение о проведении специальной военной операции по защите Донбасса. Глава государства также обратился к внешним силам, которые могут попытаться создать угрозу для России — по его словам, ответ будет незамедлительным."
"Николас Мадуро. Фото: Leonardo Fernandez Viloria / Reuters Президент Венесуэлы Николас Мадуро предрек, что международная система платежей SWIFT прекратит свое существование по прошествии этого десятилетия. Об этом сообщает РИА Новости. «Пройдет время, и система SWIFT одряхлеет, по прошествии этого десятилетия мир освободится от системы SWIFT», — заявил Мадуро в ходе выступления, которое транслировалось в эфире телеканала Venezolana de Televisión. По его мнению, государства мира поступят как Венесуэла, создавая собственные монетарные системы и цифровые валюты, как цифровой боливар в стране. Ранее Евросоюз отключил семь российских банков от международной системы платежей SWIFT. Это ВТБ, «Россия», «Открытие», Новикомбанк, Промсвязьбанк, Совкомбанк и ВЭБ.РФ. Оказывать данным банкам услуги SWIFT в ЕС запретили с 12 марта. Кроме того, Европейская комиссия (ЕК) заявила о готовности предлагать отключение новых российских банков от SWIFT в короткие сроки при необходимости. SWIFT — это система обмена данными о переводах, платежах и обмене ценными бумагами по специальной сети. Доступ к ней важен из-за ее широкого применения на глобальном уровне, гибкости и удобства."
"Фото: Maksim Levin / Reuters Управление верховного комиссара ООН по правам человека (УВКПЧ) в Женеве заявило, что на Украине с 24 февраля погибли по меньшей мере 227 гражданских лиц. Сообщение управления приводит ТАСС. Также УВКПЧ сообщило о 525 раненых. «С 4:00 утра 24 февраля 2022 года, когда началась военная акция Российской Федерации против Украины, до 12 часов ночи 1 марта офис ООН по правам человека зарегистрировал 752 гражданские жертвы на Украине: 227 убитых и 525 получивших ранения», — говорится в сообщении. В среду, 2 марта, официальный представитель Минобороны генерал-майор Игорь Конашенков впервые раскрыл потери, которые понесли российские войска в ходе спецоперации по демилитаризации Украины. По данным ведомства, число погибших с 24 февраля составило 498 человек, также ранены более полутора тысяч. Ранее генсек ООН Антониу Гутерриш заявил, что военная спецоперация России в Донбассе привела к нарушению прав человека, и призвал активизировать гуманитарные операции на Украине."
"Фото: Eric Gaillard / Reuters Власти немецкого Гамбурга конфисковали яхту российского миллиардера Алишера Усманова. Об этом сообщает Forbes со ссылкой на источники в яхт-индустрии. По информации источников журнала, принадлежащая Усманову 156-метровая яхта Dilbar стоимостью около 600 миллионов долларов, конфискована властями города. С октября 2020 года судно назодилось на верфях Гамбурга для переоборудования. По сообщениям издания, Усманов приобрел яхту в 2016 году. 28 февраля стало известно, что Евросоюз включил Усманова в санкционные списки на фоне ситуации вокруг Украины. Кроме него, ограничения со стороны европейских властей были введены в отношении российских бизнесменов Михаила Фридмана, Петра Авена и Алексея Мордашова. По мнению главы дипломатии Евросоюза Жозепа Борреля, подобная мера повлечет за собой серьезный экономический эффект."
"Николас Мадуро. Фото: Leonardo Fernandez Viloria / Reuters Президент Венесуэлы Николас Мадуро назвал преступлением против российского народа санкции, которые ввели западные страны из-за событий на Украине. Об этом сообщает ТАСС. «Это преступление то, что они делают с российским народом. Это экономическая война. <...> Это безумие», — сказал Мадуро в эфире телеканала Venezolana de Televisión. По мнению лидера Венесуэлы, экономические войны должны закончиться, а проблемы следует решать дипломатическим путем. 24 февраля президент России Владимир Путин объявил, что принял решение о проведении специальной военной операции по защите Донбасса. Глава государства также обратился к внешним силам, которые могут попытаться создать угрозу для России, — по его словам, ответ будет незамедлительным. После этого США, Евросоюз и ряд других стран ввели санкции против российских физических и юридических лиц."
"Фото: Reuters Пентагон опроверг информацию о возможном участии Белоруссии в военной операции России на территории Украины. По данным ведомства, США не видят признаков того, что вооруженные силы (ВС) Белоруссии готовятся принять участие в спецоперации. Об этом пишет ТАСС со ссылкой на официального представителя Пентагона Джона Кирби. «Нет, мы не видим [признаков этого]», — заявил Кирби, отвечая на соответствующий вопрос журналистов во время брифинга. Ранее госсекретарь США Энтони Блинкен назвал Белоруссию соучастником специальной военной операции России на Украине и пригрозил республике ужесточением санкций, если Минск продолжит оказывать поддержку Москве. Он заявил, что США пресекут любую возможность импортировать Белоруссией любые ключевые технологии. Ситуация в Донбассе обострилась 17 февраля. Киев, ЛНР и ДНР обвинили друг друга в многочисленных нарушениях режима перемирия и обстрелах населенных пунктов. На фоне этого главы республик объявили об эвакуации мирного населения в Ростовскую область. 24 февраля президент России Владимир Путин объявил, что принял решение о проведении специальной военной операции по защите Донбасса. Глава государства также обратился к внешним силам, которые могут попытаться создать угрозу для России, — по его словам, ответ будет незамедлительным."
"Энтони Блинкен. Фото: Elizabeth Frantz / Reuters Госсекретарь США Энтони Блинкен назвал условие для переговоров Россией по Украине. Он заявил на пресс-конференции, что США готовы к дипломатии в случае отведения войск РФ, передает ТАСС. «Если Россия отведет войска и будет готова к переговорам, мы готовы сделать то же самое», — сказал он. По его словам, Соединенные Штаты также поддержат любые дипломатические усилия со стороны украинских властей, «чтобы достичь перемирия и отвода российских сил». 24 февраля президент России Владимир Путин объявил, что принял решение о проведении специальной военной операции по защите Донбасса. Глава государства также обратился к внешним силам, которые могут попытаться создать угрозу для России, — по его словам, ответ будет незамедлительным. Ситуация в Донбассе обострилась 17 февраля. Киев, ЛНР и ДНР обвинили друг друга в многочисленных нарушениях режима перемирия и обстрелах населенных пунктов. На фоне этого главы республик объявили об эвакуации мирного населения в Ростовскую область."
"Фото: Reuters Республиканцы в Конгрессе США внесли законопроект, предлагающий ввести санкции против всех госпредприятий России, включая «Газпром» и RT. Об этом сообщает РИА Новости. Законопроект получил название HEROIAM SLAVA в честь «культового украинского лозунга и символа национального сопротивления». Закон о новых санкциях лишит компании, «подконтрольные или принадлежащие Москве, доступа к важнейшему американскому капиталу», — говорится в заявлении. Как заявил один из авторов законопроекта Марк Рубио, «ни одно российское госпредприятие не должно иметь доступа к американскому капиталу». В свою очередь, другой автор законопроекта — сенатор Чак Грассли — заявил, что Вашингтон должен «предпринять все доступные шаги, чтобы отрезать РФ» доступ к финансовым ресурсам США."
"Николас Мадуро . Фото: Leonardo Fernandez Viloria / Reuters Президент Венесуэлы Николас Мадуро обвинил западные страны в расизме и разжигании ксенофобии по отношению к русским по всему миру. Своим мнением он поделился в ходе выступления в эфире телеканала Venezolana de Televisión. «Они преследуют русских по всему миру. Замечательного дирижера отстранили от управления филармоническим оркестром в одной из европейских стран только за то, что он русский. Это называется ксенофобией, расизмом, преследованием, нарушением прав человека», — заявил глава  Венесуэлы. По словам Мадуро, в отношении России была развернута «жестокая информационная война», в которой ряд государств манипулирует словами. Ранее Мадуро назвал США ответственными за эскалацию напряженности на Украине. По его словам, обострение ситуации на Украине стало следствием невыполнения Минских соглашений в результате действий стран НАТО, подстрекаемых США. Он  также выразил поддержку президенту России Владимиру Путину в связи с признанием Москвой Луганской и Донецкой народных республик (ЛНР и ДНР). 24 февраля президент России Владимир Путин заявил, что принял решение о проведении специальной военной операции в Донбассе. Он отметил, что причиной для этого стали просьбы о помощи со стороны глав ЛНР и ДНР."
"Фото: Michael A. McCoy / Reuters Первый заместитель госсекретаря США Уэнди Шерман заявила, что Соединенные Штаты отвергают требования России в сфере безопасности, касающиеся НАТО и Украины. Она назвала требования РФ смехотворными, выступая на слушаниях в комитете по иностранным делам Палаты представителей Конгресса США, передает ТАСС. Так она прокомментировала переданный ранее Москве ответ на ее предложения по обеспечению безопасности. «Считаю, что он предоставил России ""съезд"" в связи с ее смехотворными требованиями — возвращения НАТО к 1997 году, так что текущие члены [альянса] должны были бы покинуть [его ряды]», — сказала Шерман. По ее словам, США не собирались с этим соглашаться, как и с тем, чтобы Украина «не была способна вступить в НАТО», если НАТО решит принять ее. Ранее стало известно, что в связи с начавшейся в Донбассе спецоперацией России НАТО развертывает дополнительные оборонительные сухопутные и воздушные силы в восточной части альянса. «Мы повысили готовность наших сил реагировать на все непредвиденные обстоятельства», — отмечено в заявлении. 24 февраля президент России Владимир Путин объявил, что принял решение о проведении специальной военной операции по защите Донбасса. Глава государства также обратился к внешним силам, которые могут попытаться создать угрозу для России, — по его словам, ответ будет незамедлительным."
"Фото: Elizabeth Frantz / Reuters США по-прежнему готовы вести диалог с Россией в сфере безопасности и обсуждать совместные озабоченности в этой сфере, заявил госсекретарь США Энтони Блинкен. Его слова приводит РИА Новости. По его словам, США «четко продемонстрировали» это за прошедшие месяцы. «Мы очень четко продемонстрировали в те месяцы, которые предшествовали агрессии РФ, что готовы к обсуждению с Россией любых озабоченностей в сфере безопасности на взаимной основе», — заявил он. Ранее первый заместитель госсекретаря США Уэнди Шерман заявила, что Соединенные Штаты отвергают требования России в сфере безопасности, касающиеся НАТО и Украины. Она назвала смехотворными требования РФ о возвращении НАТО к 1997 году. По ее словам, США не собирались с этим соглашаться. Ранее стало известно, что в связи с начавшейся в Донбассе спецоперацией России НАТО развертывает дополнительные оборонительные сухопутные и воздушные силы в восточной части альянса, чтобы НАТО могла «реагировать на все непредвиденные обстоятельства». 24 февраля президент России Владимир Путин объявил, что принял решение о проведении специальной военной операции по защите Донбасса. Глава государства также обратился к внешним силам, которые могут попытаться создать угрозу для России, — по его словам, ответ будет незамедлительным."
"Фото: Jose Luis Gonzalez / Reuters Пограничная служба США сообщила о временной приостановке депортации украинцев из-за происходящих в стране событий. Об этом сообщает РИА Новости. «В свете продолжающегося на Украине гуманитарного кризиса иммиграционная и таможенная полиция США (ICE) приостановила депортационные рейсы на Украину. ICE будет следить за ситуацией и вносить необходимые изменения», — рассказали в ведомстве. Ранее советник главы Луганской народной республики Родион Мирошник оценил второй раунд переговоров Украины с Россией фразой «пошли советоваться с США». Он также отметил, что заявление советника главы офиса президента Украины о том, что переговоры не принесли ожидаемых результатов, говорит о «неадекватности их планов». 24 февраля российский президент Владимир Путин объявил о начале специальной военной операции в Донбассе. Его пресс-секретарь Дмитрий Песков сообщил, что ее целью являются демилитаризация и денацификация Украины, а сроки проведения спецоперации определит верховный главнокомандующий."
"Олаф Шольц. Фото: Ronen Zvulun / Reuters Канцлер ФРГ Олаф Шольц прокомментировал санкции, которые ввели западные страны против России. Он поделился своим мнением в интервью телеканалу ZDF. Шольц объяснил, что введение Западом санкций против России служит двум целям. Ограничения являются инструментом для давления на страну. Кроме того, они открывают место для дипломатии. «Это важно, что мы не сдаемся, а непрерывно продолжаем осуществлять все разнообразные меры, которые мы запустили: с одной стороны, с санкциями, которые мы реализуем, чтобы оказать давление, и с другой стороны, открываем пространство для дипломатии», — подчеркнул он. Ранее Шольц призвал Россию решить конфликт на Украине дипломатическим путем. Если Москва не пойдет на этот шаг, то новые пакеты антироссийских мер «почти наверняка» будут приняты. 24 февраля президент России Владимир Путин объявил о проведении спецоперации в Донбассе. В ответ на это глава Украины Владимир Зеленский ввел на на Украине военное положение и сообщил о разрыве дипломатических отношений с российской стороной."
"Фото: Pixabay Посольство России в Оттаве отреагировал на задержание самолета с россиянами. Глава дипмиссии Олег Степанов заявил, что осведомлен о произошедшем и обратился в МИД Канады за разъяснениями. Об этом сообщает ТАСС. «Мы осведомлены об этом. Продолжаем добиваться ответа от МИД Канады. Наш консул разбирается в ситуации», — указал посол. Степанов добавил, что по состоянию на утро 3 марта посольство не обладало информацией о происшествии. Ранее глава Минтранса Канады Омар Альхабра сообщил о задержании частного самолета в аэропорту Йеллоунайфа, на борту которого находились двое россиян, следовавших для путешестия в деревню Резольют. Воздушное судно останется в воздушной гавани до проведения проверки ведомства и пограничной службы."
"Олаф Шольц. Фото: Fabrizio Bensch / Reuters Канцлер ФРГ Олаф Шольц заявил, что решение Берлина об отправке оружия Украине было правильным. Об этом он сообщил в интервью телеканалу ZDF. Шольц оценил решение о поставке оружия на Украину и назвал его правильным. Он объяснил, что Германия приняла его «в связи с нападением на Украину». Политик подчеркнул, что никто не считает, что Германия помогла Украине слишком поздно или недостаточно. «Нет, никто так не считает. Могу заверить вас в этом, исходя из многочисленных переговоров», — ответил Шольц на соответствующий вопрос журналиста. 26 февраля стало известно, что Германия отправит оружие на Украину. Страна обещала поставить на Украину 1 тысячу противотанковых орудий и 500 ракет Stinger. При этом еще 24 февраля глава Минэкономики Германии Роберт Хабек заявлял, что ФРГ не планирует отправлять оружие в республику. 24 февраля президент России Владимир Путин объявил о проведении спецоперации в Донбассе. В ответ на это глава Украины Владимир Зеленский ввел на на Украине военное положение и сообщил о разрыве дипломатических отношений с российской стороной."
"Олаф Шольц. Фото: Fabrizio Bensch / Reuters Канцлер ФРГ Олаф Шольц в интервью телеканалу ZDF прокомментировал вероятность вступления Украины и Грузии в НАТО. Он заявил, что этот вопрос не стоял и не стоит на повестке дня. Шольц выступил против членства Украины и Грузии в Североатлантическом альянсе и назвал отказ странам правильным. «Это было правильным решением, тогда были очень долгие переговоры в НАТО по этому вопросу», — подчеркнул канцлер Германии. Ранее Шольц заявил, что альянс отказался от военного вмешательства на Украину. Он объяснил, что это решение стало бы ошибкой со страны стран-членов НАТО. До этого генсек НАТО Йенс Столтенберг поддержал идею пригласить Грузию и Украину на саммит альянса. Он счел эту инициативу хорошей. 24 февраля президент России Владимир Путин объявил о проведении спецоперации в Донбассе. В ответ на это глава Украины Владимир Зеленский ввел на на Украине военное положение и сообщил о разрыве дипломатических отношений с российской стороной."
"Фото: Pixabay В Канаде был задержан частный самолет с россиянами на борту, об этом сообщил глава Минтранса страны Омар Альхабра в Twitter. «Чартерный самолет, перевозящий граждан России, был задержан в аэропорту Йеллоунайфа», — указал министр. Как передает РИА Новости со ссылкой на телеканал CBC, на борту находятся два россиянина, они направлялись в деревню Резольют с целью путешествия. Минтранс Канады совместно с пограничной службой проводит проверку возможного нарушения запрета на полеты. До окончания расследования воздушному судну запрещено покидать аэропорт Йеллоунайфа. 27 февраля власти Канады закрыли небо страны для российских самолетов. 1 марта стало известно, что страна запретит российским кораблям и рыболовным судам заходить в свои порты или внутренние воды."
"Олаф Шольц. Фото: Сергей Гунеев / РИА Новости Германия начала закупки газа в обход России, заявил канцлер Германии Олаф Шольц (Olaf Scholz), пишет РИА Новости. По его словам, страна начала закупать «голубое топливо» в обход, но получает из России газ, уголь и нефть. Кроме того, Шольц заявил о своевременной остановке «Северного потока-2». Ранее прокачка газа через Польшу в Германию по газопроводу «Ямал-Европа» остановилась утром 3 марта, несмотря на бронь мощностей со стороны «Газпрома». «Газпром» на ночном аукционе забронировал мощности на весь день. На аукционе был предложен объем в 3,7 миллиона кубометров в час, востребованными оказались около 16,7 процента мощностей. 1 марта власти Германии сообщили, что к 2035 году страна планирует удовлетворять все потребности в электроэнергии за счет возобновляемых источников."
"Фото: Pixabay.com Министерство иностранных дел Польши рекомендовало своим гражданам покинуть территорию России, пишет РИА Новости со ссылкой на заявление МИД. Дипломаты обратились к гражданам Польши. «Рекомендуется покинуть ее территорию доступными коммерческими и частными средствами», — отметили в ведомстве. Кроме того, МИД заявил, что не советует своим гражданам ехать в Россию из-за сложившейся на Украине обстановки. Ранее Польша начала изымать объекты недвижимости России в стране. Процесс изъятия собственности начался в Варшаве. В частности, это коснется здания школы при российском посольстве. Кроме того, Польша решила отказаться от российского угля. Премьер-министр страны Матеуш Моравецкий уточнил, что Варшава попросила у Европейской комиссии (ЕК) разрешения на ввод эмбарго."
"Фото: Alexey Bychkov / Globallookpress.com Чартерный самолет с российскими гражданами на борту был задержан в арктической части Канады, об этом сообщил министр транспорта страны Омар Альхабра в своем Twitter-аккаунте. По его словам, борт задержали в административном центре Северо-Западных территорий — городе Йеллоунайф. Уточнять количество человек в воздушном судне он не стал. При этом глава Минтранса добавил, что задержание связано с санкциями в отношении России из-за Украины. Чартерный самолет с гражданами России на борту был задержан в аэропорту Йеллоунайфа 2 марта министерство обороны России раскрыло потери российской армии в операции на Украине. По данным ведомства, 498 российских военнослужащих погибли, 1597 ранены. По данным РИА Новости, которое ссылается на телеканал CBC, в самолете находятся двое россиян. Предположительно, они направлялись в деревню Резольют с целью путешествия. Министерство транспорта совместно с пограничной службой проводит проверку. Борт проверяют на факт возможного нарушения запрета на полеты. Самолет не сможет покинуть Йеллоунайф до завершения расследования. Власти Канады закрыли небо для российских самолетов 27 февраля. Об этом объявил министр транспорта Альхабра. Воздушное пространство закрыли для всех российских операторов. С этого момента воздушное пространство Канады закрыто для всех российских операторов воздушных судов 2 марта американский президент Джо Байден заявил, что США также закрывают небо для российских самолетов. Запрет касается всех самолетов, зарегистрированных в России, в том числе чартерных. До этого свое воздушное пространство для самолетов из России на фоне специальной операции на Украине закрыли европейские государства. В ответ Москва ввела аналогичные санкции в отношении ряда стран. Запад начал вводить санкции в отношении России в ответ на специальную операцию на Украине. Президент России Владимир Путин выступил с обращением к нации, в котором объявил о начале специальной военной операции в Донбассе. В связи с этим, в соответствии со статьей 51, частью 7 Устава ООН, с санкции Совета Федерации и во исполнение ратифицированных Федеральным собранием договоров о дружбе и взаимопомощи с ДНР и ЛНР, мной принято решение о проведении специальной военной операции Российский лидер сослался на просьбы о военной помощи глав Донецкой и Луганской народных республик (ДНР и ЛНР). Путин объяснил, что в ходе военных действий российские власти «будут стремиться к демилитаризации и денацификации Украины»."
"Эммануэль Макрон. Фото: Piroschka Van De Wouw / Reuters Президент Франции Эмманюэль Макрон провел переговоры с канцлером ФРГ Олафом Шольцем, премьер-министром Великобритании Борисом Джонсоном и президентом Украины Владимиром Зеленским. Об этом сообщает ТАСС со ссылкой Елисейский дворец. Согласно заявлению Парижа, Макрон с собеседниками обсудили ситуацию с Запорожской АЭС. Президент Франции также рассказал главам государств о результатах своей беседы с гендиректором Международного агентства по атомной энергии (МАГАТЭ) Рафаэлем Гросси. Отмечается, что лидеры стран приветствовали призыв Макрона предпринять меры для выполнения рекомендаций МАГАТЭ по обеспечению безопасности ядерных объектов Украины. Ранее постпред России при ООН Василий Небензя опроверг заявления о том, что российские военные обстреляли Запорожскую АЭС. Небензя назвал подобные утверждения ложными. Он отметил, что все это часть беспрецедентной кампании лжи и дезинформации, направленной против России. 4 марта официальный представитель Минобороны России генерал-майор Игорь Конашенков сообщил, что вооруженные силы России в ходе спецоперации на Украине взяли под контроль Запорожскую АЭС и прилегающую к ней территорию. Он уточнил, что украинские военнослужащие, которые охраняли электростанцию, покинули объект еще до прихода российских подразделений и скрылись в неизвестном направлении."
"Фото: Morteza Nikoubazl / Reuters 24 февраля Россия начала спецоперацию на Украине, которая привела к немедленной реакции западного сообщества: страны одна за другой начали вводить против Москвы персональные и секторальные санкции, а многие международные компании отказались от дальнейшего сотрудничества с российскими партнерами. 

Страны Запада рассчитывали нанести сокрушительный удар по экономике России, при этом заявляли о готовности заплатить за это высокую цену. Дело в том, что Россия является крупным игроком на мировом рынке — внешнеторговый оборот нашей страны в 2021 году достиг 789 миллиардов долларов, что является максимумом с 2013 года. Попытка изолировать такого крупного участника процессов международной торговли может обернуться нежелательными последствиями для всех остальных. В результате еще неокрепшая после пандемии мировая экономика может отправиться в очередную рецессию. Европа сильно зависит от поставок российского природного газа: в 2021 году ЕС импортировал 155 миллиардов кубометров газа из России — это почти 40 процентов от общего потребления европейцев. Однако в долгосрочной перспективе страны континента намерены сокращать его потребление, переходя на зеленую энергетику. Этим, в частности, объяснялось сокращение поставок российского газа минувшей зимой. «Некоторые покупатели российского газа (в частности, в Германии и Франции) не делают новых заявок на поставку газа», — говорил в декабре 2021 года представитель «Газпрома» Сергей Куприянов. Одновременно количество газа в подземных газовых хранилищах (ПХГ) в Европе стало стремительно сокращаться: сообщалось, что топливо шло по реверсивной схеме в Польшу и на Украину.

28 февраля стало известно, что европейские ПХГ заполнены лишь на треть. составляет заполненность ПХГ Европы Еврокомиссар по энергетике Кадри Симсон сообщала о рекордно низком уровне газа в хранилищах Евросоюза на конец зимы. Отмечалось, что в Германии хранилища опустели более чем на 70 процентов, во Франции — более чем на 77 процентов. 

На этом фоне цены на газ начали резко расти, а после начала спецоперации и введения санкций достигли рекордных показателей: апрельские фьючерсы на газ превысили 2400 долларов за тысячу кубометров. На ситуацию повлияло и решение Германии остановить сертификацию газопровода «Северный поток-2», который был достроен еще в прошлом году. 

Но это не остановило Европарламент от принятия резолюции с призывом ограничить ввоз в ЕС нефти и газа из России. Впрочем, это решение пока не принято. Главный экономист ВЭБ.РФ Андрей Клепач назвал российский газ незаменимым для Европы: страны не смогут найти ему альтернативы как минимум в течение года. Фото: Владимир Песня / РИА Новости Эксперты предупреждают о значительном росте цен на зерновые (пшеница и кукуруза), а также масличные культуры из-за срыва поставок из России. 

После введения санкций на фоне начала спецоперации на Украине майские фьючерсы на пшеницу (отгрузка товара состоится в мае 2022 года) выросли до максимума с 2008 года — 11,34 доллара за бушель (38,691 килограмма). Цена на кукурузу поднялась до 7,425 доллара за бушель (максимум с 2012 года). 

Рост цен неизбежно скажется на производстве хлебных, макаронных и кондитерских изделий, пива, крахмала и всех сопутствующих товаров. Пострадает и животноводство — Россия, кроме прочего, является крупнейшим поставщиком комбикормов на европейский рынок.

Проблемы с ростом цен и стабильностью поставок затронут все страны. Международный совет по зерну (IGC) предупредил, что запасы пшеницы у основных экспортеров (ЕС, Россия, США, Канада, Украина, Аргентина, Австралия и Казахстан) к июлю упадут до девятилетнего минимума в 57 миллионов тонн. Фото: Илья Наймушин / РИА Новости Власти США, Евросоюза и их союзники после начала спецоперации закрыли воздушное пространство для российских самолетов. В ответ Россия ограничила полеты над своей территорией для авиакомпаний 36 стран. Для российских перевозчиков фактически было заблокировано западное направление. Но и для другой стороны ситуация сложилась не менее болезненная: самый короткий авиамаршрут из Европы в Азию пролегает над Россией. Обход воздушного пространства России значительно увеличивает время полета. Таким образом, выполнение большинства наших пассажирских и грузовых рейсов в Азию экономически нецелесообразно и неконкурентоспособно По данным Евроконтроля, необходимость огибать российскую территорию приведет к увеличению продолжительности полетов: от 90 минут (например, рейс Франкфурт — Пекин) до пяти часов (Хельсинки — Токио), пишет Politico. Более длительные перелеты означают, что самолетам придется совершать дозаправки (что увеличивает не только время в пути, но и стоимость маршрута) либо вообще отменять рейсы. Еще одной мерой, ударившей по российской авиаотрасли, стал запрет на поставку в Россию самолетов и запчастей: большую часть авиапарка российских перевозчиков составляют именно иностранные самолеты (в основном Boeing и Airbus), и большинство из них находятся в лизинге. Однако это решение в итоге сильно ударит и по западным лизингодателям, которые в силу финансовых ограничений не смогут принимать плату от российских партнеров. Вернуть самолеты они тоже не смогут из-за закрытого авиасообщения — они просто не смогут подняться в российское небо. находятся в лизинге у российских авиакомпаний  Но даже в том случае, если лайнеры удастся переправить за границу, это не избавит лизинговые компании от убытков. Они едва ли смогут реализовать такое количество самолетов. Источник ТАСС в одной из крупнейших российских авиакомпаний сообщал, что перевозчики могут попробовать договориться о выкупе самолетов в собственность. Россия является крупным поставщиком металлов, используемых в автомобильной, авиационной и космической отраслях. Конфликт вокруг Украины и усугубление проблем с логистикой могут ударить и по цепочке поставок. Ситуация осложняется тем, что на фоне восстановления спроса после пандемии на рынке наблюдается истощение запасов этих металлов.

В частности, речь идет об ВСМПО-АВИСМА — крупнейшем мировом производителе титана, на долю которого приходится четверть мировых поставок. Многие западные аэрокосмические компании уже увеличили свои запасы титана на тот случай, если металлургические предприятия будут втянуты в торговую войну между Россией и Западом. Однако пока этого не произошло. 

Опасения в связи с возможным сокращением поставок привели к рекордному росту цен на алюминий. Компания «Русал» — третий по величине производитель этого металла в мире. может составить глобальный дефицит алюминия в 2022 году Ожидание перебоев в поставках, а также истощение мировых запасов привели к удорожанию алюминия до 3690 долларов за тонну, пишет Reuters.

Цены на никель (а российский «Норникель» является крупнейшим производителем этого металла в мире) тоже бьют рекорды: цена за тонну выросла до десятилетнего максимума в 24,43 тысячи долларов. Фото: Павел Лисицын / РИА Новости На фоне происходящих событий о приостановке работы в России объявили некоторые западные компании — IKEA, H&M, JYSK, Marks & Spencer, Panasonic и другие. Об уходе с российского рынка заявили большинство автопроизводителей, а такие как Volkswagen Group, Renault-Nissan, BMW, Hyundai решили приостановить производство на российских заводах. Это, несомненно, скажется на выручке компаний. Например, одних только автомобилей Volkswagen в 2021 году продано в России более 85 тысяч единиц, а ежегодный доход Volkswagen Group на российском рынке составлял около 300 миллиардов рублей.

Помимо сокращения прибыли, западным компаниям, решившим прервать связи с Россией, предстоит столкнуться еще и с издержками в виде штрафных санкций из-за разрыва контрактов и компенсаций сотрудникам. Причем освободившиеся ниши на рынке, скорее всего, будут замещены конкурентами — как российскими, так и иностранными. Ушедшим из России компаниям придется не только искать новые рынки сбыта, но и выстраивать новые логистические маршруты, создавать инфраструктуру и вкладываться в рекламу. В ближайшие недели Европа столкнется с очень серьезной экономической угрозой в связи с санкциями против России, так как они наносят большой ущерб и западным государствам, считает первый зампредседателя комитета Госдумы по экономической политике Денис Кравченко. В разговоре с «Лентой.ру» он предупредил европейские страны о серьезном экономическом ударе. С Америкой наш торговый оборот составляет около 30 миллиардов долларов ежегодно, с Европой — около 500 миллиардов. И не нужно забывать, что мы переживали и переживаем пандемию. Рынки и так стагнировали, была большая нагрузка и на фермеров, и на производителей. А все ограничения и удорожание нефти, газа и всего остального, безусловно, нанесут очень серьезный удар по жителям европейских стран, который они почувствуют в ближайшие месяцы «Я все-таки смею предположить, что эта ситуация не навсегда и не на какой-то продолжительный период. Я очень надеюсь, что здравый смысл возобладает», — заключил депутат."
"Фото: Владимир Смирнов / ТАСС Последние события вокруг Украины фактически обнулили и без того хрупкую архитектуру мировой безопасности. Между двумя крупнейшими ядерными державами — США и Россией — практически не осталось соглашений, ограничивающих наступательные вооружения, а те, что остались, истекают в ближайшие четыре года. В связи с этим возникают опасения, что при нынешнем уровне взаимной неприязни и в отсутствии сдерживающих механизмов очередной виток гонки вооружений практически неизбежен, а европейский континент станет тем местом, где развернется это соперничество. Какие испытания и трансформации ждут европейскую систему безопасности после российской спецоперации на Украине, насколько вероятен сценарий нового ракетного кризиса и возможен ли военный конфликт между Россией и НАТО — разбиралась «Лента.ру». После объявления российским президентом Владимиром Путиным спецоперации по демилитаризации Украины Москва столкнулась с мощнейшим политическим и экономическим давлением: в ООН была принята резолюция, осуждающая действия России, западные страны вводят все новые и новые ограничения против российской экономики и политиков, а международные компании и сервисы один за другим объявляют о прекращении деятельности на территории страны. Есть у этого давления и военное измерение — на данном этапе оно выражается в поставках вооружений на Украину, в том числе в беспрецедентном решении Европейского союза (ЕС) о предоставлении Украине летального оружия. Однако не исключено, что оно примет и другой, куда более опасный облик. По словам генерального директора Российского совета по международным делам (РСМД) и эксперта клуба «Валдай» Андрея Кортунова, на Западе всерьез обсуждается и сценарий возможного военного конфликта между НАТО и Россией. Российская военная техника в районе поселка Октябрьский рядом с российско-украинской границей Фото: Антон Вергун / ТАСС За поставками вооружений на Украину может последовать более открытое и непосредственное вмешательство в ход военного конфликта — например, переброска в горячие точки добровольцев и наемников из западных частных военных компаний. При этом звучали и более радикальные идеи вроде создания бесполетной зоны над территорией Украины. Впрочем, как в секретариате Североатлантического альянса, так и в отдельных столицах подобное предложение отвергли: такой шаг сопряжен с риском прямого военного столкновения России и НАТО, а воевать в альянсе не хотят По мнению Кортунова, скорее всего, дело ограничится косвенной поддержкой Украины: поставками вооружений, отправкой добровольцев и наемников, а также предоставлением Украине разведданных западных спецслужб. Так или иначе, в долгосрочной перспективе Россия останется главным оппонентом и главным объектом интересов НАТО, что явно будет отражено в новой стратегии Североатлантического альянса, которую планируется принять в июне 2022 года на саммите в Мадриде. В силу своей природы человек нередко пытается провести параллели между событиями настоящего и прошлого. В последние месяцы нарастающее напряжение между Россией и Западом неоднократно сравнивали с наиболее острыми моментами холодной войны — Карибским кризисом и ракетным кризисом в Европе конца 1970-х — 1980-х годов. После приказа президента России Владимира Путина привести в режим несения боевого дежурства силы сдерживания, включающие ядерное оружие, эта аналогия перестала быть сугубо умозрительной и теоретической. Подобный шаг был воспринят на Западе с осуждением и тревогой, а Пентагон принял решение отложить испытание баллистической ракеты Minuteman-3, чтобы не послать России неверный сигнал. Ядерную войну нельзя выиграть и не следует начинать Впрочем, в нынешних обстоятельствах сложно исключить эскалацию в сфере неядерных вооружений. НАТО еще до последних событий планировало значительно увеличить свое военное присутствие на восточных рубежах, и вполне естественно, что с нынешней эскалацией эти планы будут лишь форсированы. Научный сотрудник Центра международной безопасности ИМЭМО РАН, сооснователь проекта «Ватфор» Дмитрий Стефанович отметил, что уже сейчас наблюдаются призывы восточноевропейских стран к увеличению контингента США на их территории, свою военную стратегию может пересмотреть и Германия. В средней и долгосрочной перспективе текущие события приведут к наращиванию вооруженных сил стран НАТО Генеральный директор РСМД Андрей Кортунов предположил, что нынешний кризис сподвигнет США к ускорению программы по разработке ракетных систем нового поколения. При этом если раньше речь шла о размещении подобных комплексов в Восточной Азии для сдерживания Китая, то сейчас может быть рассмотрен вопрос об их использовании и в Европе. Это создаст угрозу для безопасности России, которая в ответ может разместить аналогичные системы в европейской части страны, чтобы оказать давление на союзников США на континенте. Генеральный секретарь НАТО Йенс Столтенберг на саммите альянса в Брюсселе, Бельгия, 25 февраля 2022 года Фото: Yves Herman / Reuters Еще в 2021 году Соединенные Штаты возродили 56-е командование полевой артиллерии армии США в Германии, которое в годы холодной войны отвечало за ракеты средней дальности в Европе. Сейчас в его состав также войдут специалисты по кибербезопасности, радиоэлектронной борьбе и операциям в космосе. В том же году Эстония заключила с Израилем договор о закупке противокорабельных ракет Blue Spear («Голубое копье»). До этого аналогичные комплексы Naval Strike Missile (NSM) производства норвежской компании Kongsberg Defence & Aerospace закупили и развернули Военно-морские силы Польши. Стефанович предположил, что вследствие нынешней эскалации Соединенные Штаты могут перевооружиться на новую высокоточную оперативно-тактическую ракету PrSM, которую называли «убийцей» российских систем противовоздушной обороны С-400 «Триумф». Все это, безусловно, не останется без ответа в России, что лишь приведет к снижению общей безопасности. Тенденция не самая приятная. Будет непросто Такое положение дел может привести к повторению ракетного кризиса 1980-х годов в Европе. «А если Россия договорится с кем-то из своих партнеров о размещении ракет в непосредственной близости от территории США, тогда будет уместна аналогия с Карибским кризисом», — отметил Кортунов. Особую тревогу вызывает тот факт, что между Россией и Соединенными Штатами практически не осталось соглашений, ограничивающих размещение стратегических вооружений. За период президентства Дональда Трампа США вышли из соглашений о контроле над вооружениями, на выработку которых в свое время уходили месяцы: это Договор о ликвидации ракет средней и меньшей дальности (ДРСМД) и Договор по открытому небу (ДОН). Еще до этого, в 2001 году, администрация Джорджа Буша-младшего в одностороннем порядке вышла из Договора об ограничении систем противоракетной обороны. Последнее «выжившее» соглашение, ограничивающее стратегическое вооружение России и США, Договор о стратегических наступательных вооружениях (СНВ-3), буквально за несколько дней до истечения срока действия удалось продлить — правда, всего на пять лет и с оговоркой, что за эти годы пройдут углубленные дискуссии по заключению новой итерации договора, которая учитывала бы новейшие системы вооружений. Дональд Трамп Фото: Erin Scott / Reuters Основополагающий акт Россия — НАТО, по всей видимости, прекращает свое существование. 25 февраля генеральный секретарь альянса Йенс Столтенберг заявил, что Россия неоднократно нарушила положения документа, в том числе в связи с операцией на Украине, а потому документ больше не работает. Судьба Венского документа о мерах укрепления доверия и безопасности также выглядит крайне туманной. Все это вместе фактически обнуляет существовавшую до этого архитектуру безопасности. А значит, ее придется создавать заново и, скорее всего, не просто в обновленном, но в полноценно переосмысленном виде До разгорания кризиса вокруг Украины Россия уже предприняла попытку обсудить с Западом будущее безопасности в Европе. В США и НАТО были направлены два документа, в которых содержались российские предложения по гарантиям безопасности. Ключевые требования России — нерасширение НАТО на восток, отказ от предоставления Украине и Грузии членства в альянсе, а также отвод сил и военной инфраструктуры НАТО на позиции 1997 года — были отвергнуты на Западе Однако некоторые предложения, вроде контроля над вооружениями, транспарентности в военной деятельности и избежания военных инцидентов, все-таки снискали поддержку США и НАТО. Но такой ответ не устроил Россию, которая настаивала на комплексном рассмотрении своих предложений. Фото: Вера Тюкалова / Коммерсантъ На нынешнем этапе продолжение переговоров на основании российских проектов соглашений выглядит крайне маловероятным. Однако стороны все же могут вернуться к обсуждению насущных вопросов в сфере контроля над вооружением, пусть и не в краткосрочной перспективе, считает Стефанович. В интересах не только России, но и всех европейских стран найти какое-то решение, которое не привело бы к дальнейшему наращиванию численности и количества вооруженных сил и техники вдоль линии соприкосновения По мнению специалиста, стороны могли бы сфокусироваться на вопросах, связанных с носителями высокоточного оружия большей дальности: крылатыми ракетами, противоракетными системами, ударными беспилотниками, — то есть тем вооружением, которое представляет непосредственную угрозу как России, так и Западу. Еще один насущный вопрос — переговоры по СНВ-3, действие которого истекает 5 февраля 2026 года. Вскоре после продления стороны выразили намерение провести углубленные переговоры по будущему контроля над вооружением, выработать новое «уравнение безопасности», как говорил заместитель министра иностранных дел России Сергей Рябков. За прошедший год переговоры существенно не продвинулись, но в конечном итоге поиск какого-то взаимоприемлемого решения отвечает интересам и США, и России. Кортунов напомнил, что у сторон расходится видение будущего документа: Россия хочет, чтобы он охватывал все стратегические системы — и ядерные, и неядерные; США же настаивают на том, что соглашение должно сосредоточиться на всем ядерном оружии, тактическом и стратегическом. Компоненты комплекса крылатых ракет SSC-8/9M729  Фото: Максим Шеметов / Reuters Кроме того, договор может включать и новые измерения: операции в космосе, кибероружие, дроны-носители ядерного и неядерного оружия, средства «быстрого глобального удара» (Prompt Global Strike, нанесение удара неядерным оружием по любой точке мира в течение одного часа). Вопрос в том, чтобы не столько количественно, сколько качественно ограничивать гонку вооружений В НАТО в целом продемонстрировали готовность продолжить с Россией диалог по вопросам стратегической стабильности и контроля над вооружением после завершения острой фазы кризиса на Украине. Осторожный оптимизм питают и российские официальные лица. Я уверен, что мы от этого дна оттолкнемся и начнем выправлять отношения По словам Кортунова, хотя нынешние события лишь углубили противоречия между Россией и Западом, обе стороны осознают необходимость дальнейшего диалога по вопросам стратегической стабильности. Предстоит обсуждать не только технические вопросы вроде восстановления линий коммуникаций и моратория на размещение ракет средней и меньшей дальности, но и вопрос более фундаментального характера: самого понятия неделимой безопасности, которое стороны, к сожалению, пока понимают по-разному. «Потребуется много времени и сил, чтобы хотя бы частично восстановить то, что нужно восстановить, создать то, что нужно создать взамен утраченного», — отметил специалист. *** Как показали предшествующие глобальные кризисы, вслед за тотальным обнулением наступает период выстраивания новых правил игры, взаимных гарантий и новой архитектуры безопасности. С учетом накопившихся противоречий этот процесс будет весьма продолжительным и непростым, но уже на нынешнем этапе осознается сторонами как критически важный и необходимый, без преувеличения, для будущего всей планеты. Со времен ракетного кризиса в Европе и уж тем более Карибского кризиса военные технологии шагнули далеко вперед. Время подлета ракет-носителей ядерного оружия сократилось до минут, и цена человеческой ошибки стала как никогда высокой. Именно поэтому так важно сесть за стол переговоров и принять новые правила игры. Но для этого понадобится твердая политическая воля обеих сторон. Как скоро она появится — вопрос открытый."
"Фото: Evelyn Hockstein / Reuters У НАТО нет планов по закрытию неба над Украиной для создания бесполетной зоны, подтвердил председатель Комитета начальников штабов (КНШ) ВС США генерал Марк Милли в интервью латвийским журналистам на военной базе в Адажи. Его слова приводит ТАСС. Американский генерал пояснил, что если бы бесполетная зона была объявлена, войскам НАТО пришлось бы воевать с российскими военно-воздушными силами. «Это не то намерение, о котором заявили генсек НАТО [Йенс] Столтенберг и политическое руководство стран-участниц альянса», — отметил Милли. По его словам, в настоящее время США не видят ничего необычного в боевой готовности реальных ядерных сил России, что свидетельствовало бы о повышении уровня готовности. Ранее аналогичное мнение выразил госсекретарь США Энтони Блинкен. По его словам, единственный способ ввести бесполетную зону — это направить самолеты НАТО в украинское воздушное пространство и сбивать российские самолеты. Он считает, что это может спровоцировать полномасштабную войну в Европе. В свою очередь, Столтенберг ранее заявлял, что НАТО — это оборонительный союз, который не является стороной конфликта на Украине. Глава альянса указал на отсутствие намерений вступать в военный конфликт с Россией из-за украинского кризиса."
"Александр Вучич. Фото: Florion Goga / Reuters Президент Сербии Александр Вучич объяснил поддержку Белградом резолюции Генассамблеи ООН, осуждающей проведение спецоперации России на Украине заботой о благополучии Сербии и внешним давлением. Об этом сообщает РИА Новости. Как заявил Вучич в эфире телеканала Kurir TV, при конфликтных ситуациях необходимо «показать очень много решительности, ответственности и заботиться о людях». «И люди высказывают свои страсти, они болеют за что-то, как за ""Ювентус"" и ""Фиорентину"", всегда поделятся пополам», — сказал он. На критику политических оппонентов из-за поддержки резолюции Вучич ответил тем, что сербы «любят высказываться» и «никогда не уклоняются», однако «иногда как раз важно подвинуться и отойти в сторону». По его словам, если бы Белград проголосовал иным образом, то сегодня страна была бы без 30-50 фабрик западных компаний-инвесторов, «которые так трудились привести в Сербию». 2 марта Генеральная Ассамблея Организации Объединенных Наций (ООН) в рамках специальной сессии приняла резолюцию с осуждением операции России на Украине. За принятие резолюции Генассамблеи 141 государство, против высказались пять стран, среди которых Россия, Белоруссия, Сирия, КНДР и Эритрея. 35 стран воздержались от голосования, в их числе оказались Китай, Индия, Казахстан, Пакистан, Куба и другие. 24 февраля президент России Владимир Путин заявил о начале специальной военной операции в Донбассе. Он отметил, что причиной для этого стали просьбы о помощи со стороны глав Луганской и Донецкой народных республик."
"Владимир Зеленский . Фото: Tim Reichert / Reuters США решили подготовить план на случай изгнания президента Украины Владимира Зеленского и его работы из Польши. Об этом сообщает ТАСС со ссылкой на газету The Washington Post. По данным источников, администрация США рассматривает возможность, при которой Зеленский возглавит правительство Украины «в изгнании» в Польше. Страны Запада готовятся оказывать ему помощь и уже сейчас закладывают основу для признания этой структуры в качестве законного правительства республики, пояснил собеседник. По его словам, правительство могло бы руководить операциями сил сопротивления, которым Запад продолжит поставлять оружие, против российских военнослужащих. При этом издание отмечает, что Россия может расценить «поддержку правительства Зеленского, действующего в Польше» как нападение со стороны альянса. Также в материале говорится, что сейчас в Госдепе и Пентагоне рассматривают дальнейшие действия на случай «возможного захвата Киева Россией». Ранее спикер Госдумы Вячеслав Володин заявил, что президент Украины Владимир Зеленский покинул Украину и эвакуировался в Польшу. По словам Володина, депутаты Верховной Рады Украины не могут попасть в резиденцию Зеленского во Львове. В четверг, 24 февраля, Россия начала военную операцию по защите Донбасса. В ходе спецоперации российские власти «будут стремиться к демилитаризации и денацификации Украины», сообщил глава государства. До этого Луганская и Донецкая народные республики пожаловались президенту России Владимиру Путину на условия жизни."
"Фото: Ints Kalnins / Reuters Новые антироссийские санкции, введенные западными странами, в целом негативно отразятся на работе экспортных компаний в Финляндии. Об этом пишет Seinäjoen Sanomat со ссылкой на результаты опроса Центральной торговой палаты страны. О том, что санкции против России приведут к негативным последствиям, высказались 80 процентов финских фирм из 120 опрошенных. При этом 78 процентов из них напрямую или косвенно работают с Россией, для 22 процентов российский рынок является главным. Кроме того, пишет издание, операция России на Украине и ее последствия негативно скажутся на перспективах экспортных компаний. 39 процентов участников опроса заявили, что происходящее значительно повлияет на их будущее, 30 процентов считают, что скажется в какой-то степени, 22,5 процента думают, что скажется незначительно. При этом санкции сильно скажутся примерно на каждой четвертой финской компании, работающей на экспорт (24 процента), определенное воздействие ощутят 35 процентов, незначительное воздействие — 30 процентов. Издание пришло к выводу, что больше всего предприятия обеспокоены санкциями, направленными на банковский сектор, доступностью сырья и сложностях с перевозками. По словам главы международного отдела Центральной торговой палаты Ленита Тойвакка, участники опроса боятся, что нестабильность из-за ситуации вокруг Украины может затронуть не только Европу. Из-за сложившейся в Донбассе ситуации Россия начала 24 февраля военную спецоперацию по защите Донецкой и Луганской народных республик (ДНР и ЛНР). По словам главы государства, ее целью является защита людей, подвергающихся издевательствам и геноциду. В ответ на это ряд западных стран ввели санкции против России."
"Мария Захарова. Фото: МИД России / Global Look Press Официальный представитель Министерства иностранных дел (МИД) России Мария Захарова призвала страны Евросоюза (ЕС) и НАТО прекратить бездумную «накачку» Украины новейшими системами вооружений во избежание рисков для международной гражданской авиации. Об этом она написала в своем Telegram-канале. Дипломат обратила внимание на то, что страны Запада приступили к массированным поставкам на Украину ПЗРК «Стингер»,  других переносных систем, а также ПТРК Javelin, NLAW и Carl Gustaf, которые относятся к наиболее чувствительным видам вооружения. «Организаторы этих поставок не могут не осознавать растущую угрозу попадания этого высокоточного оружия в руки террористических элементов и бандформирований не только на Украине, но и в Европе в целом», — указала Захарова, предупредив, что это может привести к перетоку оружия в теневой оборот. Также она обвинила Запад в грубом игнорировании целого ряда международных договоренностей и небрежности в отношении реэкспорта продукции военного назначения, отметив, что официальный Брюссель «предпочитает не поднимать эту тему». Она подчеркнула, что «с подачи коллективного Запада начинается масштабное ""расползание"" по миру опаснейших вооружений». «Вновь призываем страны ЕС и НАТО прекратить бездумную ""накачку"" нежизнеспособного киевского режима новейшими системами вооружений во избежание колоссальных рисков для международной гражданской авиации и других транспортных коммуникаций не только в Европе, но и за ее пределами», — заключила Захарова. Ранее военный обозреватель ТАСС и полковник в отставке Виктор Литовкин в беседе с «Лентой.ру» заявил, что решение ЕС поставлять Киеву вооружения — это «дешевая утилизация» устаревшего оружия. Он назвал запланированную военную помощь бесполезной для Украины. По его словам, раньше европейские страны должны были либо утилизировать устаревшие оружие и технику на своей территории, либо поставлять в африканские страны. 24 февраля президент России Владимир Путин сообщил, что принял решение о проведении спецоперации в Донбассе. Украинский лидер Владимир Зеленский объявил о введении на Украине военного положения и разрыве дипломатических отношений с российской стороной."
"Фото: Наталья Селиверстова / РИА Новости Правительственный спецборт Ил-96-300 специального летного отряда «Россия» прибыл в столицу США для вывоза дипломатов российского МИД. Об этом свидетельствуют данные портала Flightradar24. Самолет суммарно провел в воздухе около 15 часов. Борт вылетел с аэропорта Пулково, затем прошел над территорией Карелии, позже покинул воздушные границы России и улетел в юго-западном направлении над Атлантикой, обогнув Скандинавию. Ранее официальный представитель МИД Мария Захарова заявила, что российский правительственный спецборт Ил-96-300 заберет из Вашингтона дипломатов, которые ранее были объявлены персонами non grata."
"Александар Вучич            . Фото: Florion Goga / Reuters                          Президент Сербии Александр Вучич в эфире Kurir TV предрек «тектонические сдвиги» в мировой экономике и политике из-за ситуации на Украине. Об этом сообщает РИА Новости. По его словам, это создает проблемы для ВВП Сербии и ее граждан. Он отметил, что в настоящее время происходят перебои на мировом рынке многих товаров, «меняется вся глобальная политическая сцена». «Последствия таковы, что мы, например, не можем импортировать из Измаила, это украинский порт, кокс для нашего сталелитейного производства. Не можем импортировать железо из РФ, потому что, что бы то ни было, под российским контролем на территории РФ или Украины не можем импортировать, и это создает проблемы для нашего ВВП», - сказал политик. Вучич также сообщил о проблемах с поставками сырья для нефтепереработки в Сербии принадлежащей «Газпром нефти» компании НИС. Кроме того, он рассказал о поиске путей для ведения банковских расчетов с поставщиками из России и компаниями в энергетическом секторе. Он также заявил о резком росте цен на нефть и нефтепродукты. Глава Сербии спрогнозировал мировой дефицит пшеницы, «так как вторая и четвертая страна по объему ее производства ведут боевые действия». 25 февраля Вучич заявил, что сербское правительство поддерживает территориальную целостность Украины, но не будет вводить санкции против России. «Сербия против рестрикций против любой страны, в том числе против России. Сербия уважает нормы международного права, но Сербия хорошо понимает свои нужды и, невзирая на желания других, имеет свои национальные интересы, уважает традиционную дружбу», — подчеркнул президент."
"Фото: пресс-служба МИД РФ За полтора месяца до начала спецоперации России на Украине приземлилось почти 50 военно-транспортных самолетов из разных стран, в том числе США и Британии. Об этом заявила официальный представитель МИД России Мария Захарова в своем Telegram-канале. «Вниманию пацифистов! За первые полтора месяца 2022 года (до начала спецоперации) на Украине приземлилось почти 50 военно-транспортных самолетов из разных стран: США, Британии, Канады, Польши, Литвы», — подчеркнула дипломат. По словам Захаровой, за последний месяц на Украину также поступило 2 тысячи тонн современного вооружения и боеприпасов. Представитель МИД напомнила, что с 2014 года США предоставили Украине военной помощи на 2,7 миллиардов долларов, при этом 650 миллионов из них — за 2021 год. Швеция, Финляндия и Австрия также выражают готовность оказать содействие Киеву, следует из публикации дипломата. «Это то, как на самом деле Запад видел исполнение Киевом минских договоренностей», — подытожила Захарова. 24 февраля президент России Владимир Путин сообщил, что принял решение о проведении спецоперации в Донбассе. Украинский лидер Владимир Зеленский объявил о введении на Украине военного положения и разрыве дипломатических отношений с российской стороной."
"Рамзан Кадыров. Фото: Ministry of Culture Russia / Globallookpress.com Глава Чечни Рамзан Кадыров рассказал о представителях своего рода, готовых отправиться на Украину и стать «живой силой», пишет РИА Новости. Глава региона напомнил, что в воскресенье, 6 марта, в Чечне состоялось построение личного состава специального отряда быстрого реагирования (СОБР) «Ахмат», среди которых было более 60 бойцов из семьи Кадыровых. «Они прямо сейчас хотят внести свой вклад в освобождение Украины от бандеровщины. Только отсутствие приказа их держит в Чеченской республике», — объяснил Кадыров. По его словам, представители его рода надеются, что «ждать осталось недолго». Президент России Владимир Путин 24 февраля выступил с обращением к нации, в котором объявил о начале специальной военной операции в Донбассе. 1 марта Кадыров сообщил, что в ходе специальной операции по защите Донбасса есть первые потери среди чеченских военных. Он отметил, что погибли два чеченских солдата."
"Фото: Igor Russak / Globallookpress.com Гигантское американское транспортное судно Liberty Passion с военной техникой плывет в греческий порт Александруполис, пишет РИА Новости со ссылкой на МarineTraffic. Судно стартовало из американского порта Чарльстон 5 марта. Ожидается, что вечером 19 марта оно прибудет в порт Александруполис на севере Греции. Liberty Passion предназначено для транспортировки техники. Транспорт построен в 2017 году и ходит под американским флагом. Грузоподъемность — 20,3 тысячи тонн, текущая осадка — 10 метров. Длина Liberty Passion составляет 199,98 метра, а ширина — 32,3 метра. Как отметили эксперты, судно доставляет оружие в порт, который превращен в базу США и НАТО. Ожидается, что бронетехника и иное вооружение затем переправят по железной дороге в Польшу, усиливая силы США-НАТО на границе с Россией. Ранее стало известно, что США резко нарастили поставки вооружения и защитного снаряжения на Украину в конце 2021 года, еще до начала специальной операции России в Донбассе."
"Фото: Pixabay.com Большая часть украинских беженцев, пожелавших приехать в Канаду, не останутся в этой стране навсегда, рассказал канадский министр по вопросам иммиграции, беженцев и гражданства Шон Фрейзер, пишет ТАСС со ссылкой на телеканал CTV. По словам политика, они вернутся назад, когда позволит ситуация. «Одно из первых, что Оттаве сказали в украинско-канадском сообществе, это то, что подавляющее большинство беженцев, которые хотят приехать в это государство, не намерены тут оставаться», — объяснил политик. Премьер канады Джастин Трюдо заявил, что власти приступили к реализации программы временного размещения на своей территории иностранных граждан из-за ситуации на Украине. Также Канада направит дополнительное летальное оружие на Украину. Россия начала специальную военную операцию на Украине 24 февраля. Ее целью, по словам российского лидера Владимира Путина, является защита людей, подвергающихся издевательствам и геноциду."
"Фото: Александр Кряжев / РИА Новости Третий раунд переговоров между делегациями России и Украины состоится на польско-белорусской границе, как и предыдущий, рассказал член делегации Украины, лидер фракции «Слуга народа» Давид Арахамия, пишет ТАСС со ссылкой на издание «Страна». Арахамия раскрыл подробности организации мероприятия: встреча, вероятно, начнется 7 марта в 15:00 (в Беловежской пуще время совпадает с московским). О том, что встреча делегаций планируется на понедельник, ранее сообщил и глава комитета Госдумы по международным делам Леонид Слуцкий. По его словам, украинской делегации приходится согласовывать действия как с президентом страны Владимиром Зеленским, так и с Западом. Он назвал украинских переговорщиков людьми «достаточно зависимыми». До этого член украинской делегации, советник офиса президента страны Михаил Подоляк заявил, что очередная встреча с российской дипломатической миссией может пройти «в ближайшие день-два». Россия 24 февраля начала специальную военную операцию в Донбассе, чтобы защитить людей, подвергающихся издевательствам и геноциду. "
"Прити Пател. Фото: UK Parliament/ Jessica Taylor / Reuters Министр внутренних дел Великобритании Прити Пател предложила Интерполу отключить России доступ системе организации из-за ее специальной операции в Донбассе. Об этом Пател сообщила в своем Twitter. Пател заявила, что вместе с коллегами из США, Канады, Австралии и Новой Зеландии она написала письмо к штаб-квартире Интерпола его исполнительному комитету, в котором призвала принять в течение недели решение по немедленной приостановке доступа России к его системе. Глава МВД Британии добавила, что действия России создают прямую угрозу «безопасности физических лиц и международному сотрудничеству правоохранительных органов». Ранее Пател сообщила, что Украина потребовала исключить Россию из Интерпола. Тогда она подчеркнула, что Лондон поддерживает Киев и намерен содействовать международным усилиям для реализации этого предложения. 24 февраля Владимир Путин объявил о начале специальной военной операции по защите Донбасса. Он указал, что ее целью является демилитаризация и денацификация Украины."
"Фото: Андрей Горшков / РИА Новости Глава МИД Франции Жан-Ив Ле Дриан заявил, что, несмотря на кризисную ситуацию на Украине и российскую спецоперацию в Донбассе, нужно обязательно сохранять каналы связи с президентом России Владимиром Путиным. Об этом сообщает ТАСС со ссылкой на телеканал BFM. «Совершенно необходимо сохранить каналы связи с Владимиром Путиным», — заявил министр. Он также подчеркнул, что Франция не воюет с Россией. Ранее в Министерстве госбезопасности (МГБ) ЛНР сообщили о задержании двух агентов разведки Главного управления разведки (ГУР) Минобороны Украины. По данным ведомства, они планировали совершить серию терактов на территории республики, а также в России. Отмечается, что агентов задержали в Луганске при попытке перевезти оружие и боеприпасы. 24 февраля российский президент Владимир Путин объявил о начале специальной военной операции в Донбассе. Его пресс-секретарь Дмитрий Песков сообщил, что ее целью являются демилитаризация и денацификация Украины, а сроки проведения спецоперации определит верховный главнокомандующий."
"Фото: Virginia Mayo / AP  Спецоперация по защите населения Донбасса и демилитаризации Украины без преувеличения стала центральным мировым событием. Соцсети, СМИ, бары и парикмахерские — в том или ином виде эта тема обсуждается повсюду. При этом версии событий в изложении российских и западных журналистов зачастую сильно отличаются друг от друга. В американских и европейских СМИ Россия представлена как страна-агрессор, совершившая немотивированное нападение на миролюбивое демократическое государство. Неудивительно, что на этом фоне в прессе и соцсетях появились публикации об ухудшении отношения к россиянам на Западе: выходцы из России все чаще сталкиваются с дискриминацией по национальному признаку и подвергаются нападкам. Внимание на эту проблему обратила уполномоченная по защите прав человека в России Татьяна Москалькова, заявившая, что российских студентов начали отчислять из университетов Франции, Чехии, Бельгии и других стран. Она даже обратилась по этому поводу к комиссару по правам человека Совета Европы. «Лента.ру» пообщалась с российскими студентами иностранных вузов и выяснила, как изменилось отношение к ним в связи с событиями на Украине, с какими трудностями они столкнулись и что собираются делать дальше. Дмитрий (имя изменено), 25 лет, студент Чешского аграрного университета На фоне этих событий определенно появились проблемы. Они и раньше были: зачастую какой-нибудь преподаватель мог недолюбливать иностранных студентов, но этого не афишировал. Поэтому не было никаких слов против русских. Но вот недавно препод в VSE (Пражский экономический университет — прим. «Ленты.ру») сказал, что не будет принимать экзамены и учить русских студентов. Конечно, ему сделали выговор. Но только во время экзаменов станет понятно, как будет на самом деле: есть вероятность, что человек будет просто-напросто «валить» людей. И тогда им придется уехать из Чехии. На протяжении шести лет моей жизни в Чехии минимум один или два раза в год происходит такая ситуация: я разговариваю на русском, чехи это слышат и высказываются агрессивно. «Русские свиньи», или что-то такое. Это неприятно, но терпимо. Я точно знаю, что недавно был случай нападения на русских: студентов избили. Стороны конфликта мне неизвестны, вряд ли это были чехи, скорее украинцы. Среди моих знакомых есть люди, которые планируют теперь поменьше говорить на русском на публике или почаще ходить группами. Кто-то задумывается о том, чтобы купить средства самообороны Думаю, события на Украине могут негативно сказаться и на учебе, и на карьере. Лично я с этим пока не сталкивался, но слышал от некоторых, что их не берут на работу по национальному признаку. Разумеется, в сам университет поступить будет возможно — там есть балльная система. Но во время учебы могут возникнуть проблемы. Знаю, что несколько человек [из-за этого] хотят вернуться в Россию. А еще появились сообщения об ответственности в случае, если русский высказывается в поддержку действий России. Чешские власти также собираются более тщательно рассматривать визы россиян, обещают серьезные проверки (речь о продлении уже выданных виз — прим. «Ленты.ру»). Но я даже не представляю, что это может быть — будут приезжать местные полицейские, что ли, и спрашивать: «Кого ты поддерживаешь?» Это был бы совсем ****** (ужас — прим. «Ленты.ру»). В таком случае надо ******** (уезжать — прим. «Ленты.ру»). Описанные Дмитрием факты роста русофобии в стране подтверждаются официальными заявлениями. Со стороны сотрудников школ отмечаются факты агрессивного поведения в отношении русских детей. Давайте не будем запугивать русских, которые живут в Чехии Стоит заметить, что в официальных заявлениях звучат призывы к пресечению случаев агрессии. Но, защищая русских, чехи указывают им на «правильное» поведение — ни в коем случае не поддерживать Россию. Например, министр Ракушан в том же комментарии высказал мнение, что большинство граждан России живут в Чехии именно потому, что «не согласны с режимом». Другим подтверждением растущей дискриминации стало предупреждение Генпрокурора Игоря Стржижа об уголовной ответственности за «поддержку действий России на Украине».  Стржиж заявил, что в демократическом государстве «свобода слова имеет свои пределы». Он предложил квалифицировать поддержку российской спецоперации как оправдание уголовного преступления А русским студентам Чешского технического университета прислали письма следующего содержания: «Дорогие студенты, если вы разделяете ценности свободы, демократии и открытого сотрудничества среди людей, которые так дороги нам, я могу обещать вам нашу поддержку и те же права и возможности, которыми пользуются все наши студенты. Но выбор за вами. Ваш объективный взгляд на войну также может помочь вашей стране». При этом студентам-украинцам в некоторых университетах начали выплачивать дополнительную стипендию в 15 тысяч чешских крон (более 65 тысяч рублей) — скриншот такого письма есть в распоряжении «Ленты.ру». Выплаты назначили до мая 2022 года включительно. Роман, 20 лет, Пражский экономический университет В моем университете один преподаватель захотел ввести «личные» санкции в отношении русских. Перечислять не буду, грубо говоря, не хотел их учить и работать с ними. Скажу прямо — его сожрали с говном, раскритиковали в университете, в его партии и в СМИ. Он публично извинялся. Никакой личной агрессии или дискриминации я не встречал. Все чехи, с которыми я общаюсь, все прекрасно понимают. Конечно, можно в интернете, в Twitter нарваться на какого-то «гения», который будет [негативно] высказываться о русских. Но в таких местах люди явно так высказывались и до начала событий на Украине. Ни один крупный университет в Чехии никого не выгонял. Наоборот, они заверяют, что все будет окей, и если будет какая-то индивидуальная дискриминация, то студенты могут спокойно обращаться в администрацию Знаю, что Чехия больше не будет выдавать новые визы россиянам, но заверила, что ныне проживающих, то есть тех, кто будет продлевать существующие визы, это не коснется. Про политику компаний по отношению к русским сотрудникам ничего пока  сказать не могу, но также надеюсь, что там никаких проблем нет. Тем более русских в Чехии около 50 тысяч человек. А еще тут много адекватных украинцев, белорусов и казахов, поэтому при каких-то серьезных проблемах можно всегда всех поставить на уши, и вас услышат. Павел, 22 года, студент Университета Бургундии Реакция на украинские события в университете есть. Первый раз я заметил ее, когда профессор попросил меня задержаться после пары. Он сказал, что [преподавательский коллектив] понимает, какая сейчас непростая ситуация у нас — как у украинцев, так и у русских. «Если тебе что-то нужно, ты нам говори. Мы поможем», — сказал профессор. Похожим образом отреагировала одна из одногруппниц: поинтересовалась, все ли хорошо. Короче говоря, люди стараются поддерживать, как могут. Президент нашего университета прислал письмо, что поддерживает и украинцев, и русских, и постарается создать максимально нормальную обстановку для обучения. Другие организации, которые помогают студентам, тоже написали, что и украинцам, и русским они готовы помочь финансово, продуктами и медикаментами, если есть такая необходимость. Все это бесплатно (автор в подтверждение показал корреспонденту скриншоты писем — прим. «Ленты.ру»). Ни с какой дискриминацией я не встречался. В моем университете коллектив довольно интернациональный, как это в науке часто бывает. У нас есть и русский преподаватель, например. Но в целом ситуация сейчас довольно плохая. Неделя, когда все началось (когда была объявлена спецоперация на Украине — прим. «Ленты.ру»), выпала на каникулы во Франции. Многие ребята улетели в Россию и сейчас застряли там, пытаются выбраться через обходные пути. Я тоже собирался лететь домой, но поскольку я слежу за новостями, то в последний момент сдал билеты. [Во Франции] я живу на университетскую стипендию — ее платят за академические заслуги. Поэтому лично я практически независим от денежных переводов из России. Но те, кто ее не получают, а такие тоже есть, столкнутся с определенными трудностями. Но и стипендию нам платят только во время обучения, а летом ее не будет — нужно либо возвращаться, либо искать себе стажировку. Мне [в университете] сказали, что помогут найти оплачиваемое место на лето, поскольку понимают, что возвращение на каникулы домой в нынешних условиях может быть затруднено. Мария, 25 лет, аспирант Университета Сорбонна Во Франции, насколько я знаю, университеты никому не угрожают отчислениями из-за этих событий. К российским студентам и людям из России отношение у нас не изменилось. В моем окружении вообще не высказываются активно в адрес одной из сторон. Мои друзья и коллеги выражают мне поддержку и понимание, за что я им несказанно благодарна. Говорят, если что-то нужно, чтоб обращалась к ним за помощью, чтоб говорила о своих чувствах, не замыкалась в себе. Университет Сорбонна Фото: Xavier Laine / Getty Images Франция не закрывала въезд для россиян. Если вы едете по долгосрочной визе, то никаких проблем у вас не возникнет. Границы открыты: просто теперь нет прямого авиарейса из России. Слышала, что люди добираются через Турцию, Эмираты, Финляндию. Алина, 21 год, студентка Нантского университета Среди моего окружения, состоящего в основном из французов, реакция одна — поддержка Украины. Но они выражают ее в основном в социальных сетях. Многие российские студенты, с которыми я поддерживаю связь, солидарны с этой позицией. Что касается реакции самого университета, она однозначная — студентов из России не будут отчислять или как-либо ущемлять в правах. Университет прислал официальное письмо, в котором  выражается поддержка, предлагается психологическая помощь, а также есть контакты для связи с соцслужбами, которые в случае финансовых проблем могут оказать помощь — принимается во внимание падение курса рубля и санкции в отношении банковской системы. На данный момент я не чувствую негатива в свою сторону. Даже наоборот — мои друзья, одногруппники и просто знакомые отправили мне сообщения со словами поддержки. Изменилось скорее самоощущение — уже не так уверенно отвечаешь на вопрос «откуда ты?», не хочется говорить по-русски по телефону на улице, например, с родителями Но, повторюсь, это личное восприятие тех событий и той реальности, в которой мы живем. Пока трудно говорить о будущем и предсказывать возможный исход от принимаемых правительством решений, потому что все меняется каждую минуту. Хочется верить, что и дальше здесь не будет места дискриминации, ведь от этого зависит и получение визы на следующий год обучения. Тем не менее дальнейшее развитие конфликта совершенно точно может негативно сказаться на всех сферах моей жизни, поскольку будет подрывать психологическое здоровье и добавлять в повседневность больше стресса. Виктория (имя изменено), студентка Университета Тренто На сайте университета есть высказывания, призывающие к миру, однако никаких заявлений относительно русских или украинских студентов не было. Изменений не заметила: продолжаем учиться в штатном режиме. Единственное, некоторым студентам пришли письма о том, что пока из-за конфликта нам не могут открыть местный банковский аккаунт, однако дальнейших новостей пока не поступало. Обычные люди относятся к русским доброжелательно, понимая, что студентов нельзя отождествлять с правительством их страны. Некоторые высказывают поддержку, так как от этого конфликта страдают обе стороны. Фото: Flavio Lo Scalzo / Reuters  Любовь (имя изменено), 33 года, восемь лет живет с мужем в Германии Ранее никакой дискриминации мы не ощущали, все старались помогать нам. У нас семилетний ребенок. Когда она пошла в детский сад, только по-русски говорила, и никто ее ни в чем не ущемлял. Но вот за последнюю неделю все повернулось на 180 градусов Я недавно забирала дочь из школы (она в первом классе), а она плачет. Рассказала, что у них был социальный урок, и учительница сказала, что русские напали на Украину, что Путин — плохой, что русские хотят захватить весь мир. Я сразу пошла к учительнице и предъявила ей претензии по этому поводу. Она извинилась и сказала, что моя дочь неправильно ее поняла. С ее слов, она сказала только то, что знает из средств массовой информации. После этого мы ходили к директору школы и пригрозили ей, что если это повторится, то мы будем обращаться в соответствующие органы. Директор пообещала поговорить с учителями. А потом я узнала, что такие разговоры были не только в нашем классе и не только в нашей школе. Некоторые учителя, конечно, объяснили детям [ситуацию] исходя из нейтральной позиции, без поддержки какой-либо стороны, и это меня немного успокоило. В Германии очень много русских, ну очень много. От разных людей я слышала, что на русских кассиров в магазинах старики нападают, говорят им Hände hoch! (Руки вверх! — прим. «Ленты.ру»). Также у многих начались проблемы и разногласия с коллегами, были случаи драк между детьми в старших классах. Зато все немцы выражают солидарность Украине, хоть 90 процентов из них даже не знают, где она находится и кто там живет. Косвенным подтверждением имеющейся проблемы становятся высказывания высокопоставленных чиновников. «Любой, кто враждебно относится к белорусам или русским в Германии, нападает не только на наших сограждан, но и на основные принципы нашего сосуществования», — заявила 3 марта глава МИД Германии Анналена Бербок. Николай (имя изменено), 24 года, студент Центрально-Европейского университета В моем университете очень много и русских, и украинских студентов. Конечно, кого-то задевает случившееся. Но вообще большинству людей вполне себе пофиг на происходящее на Украине. Правда, все, что касается официальных заявлений институтов, — тут реакция совершенно определенная — они против операции. Я получил кучу репостов о том, что на Западе якобы отчисляют российских студентов. Честно говоря, о таких случаях я пока не слышал в Вене. От моих знакомых, кто учится в других университетах Европы, я тоже ничего подобного пока не слышал. Дискриминации я раньше тоже не замечал — в Австрии огромная русскоязычная диаспора, в основном украинская и русская. Они обычно очень хорошо ассимилированы. Они не живут в чисто русскоязычных районах, как, например, турки. Не знаю, воспринимают ли их как мигрантов, но я никогда не слышал о каких-то проблемах, связанных с дискриминацией. Из последствий: лично у меня, например, заблокировали карту банка ВТБ. Повезло, что я успел снять с нее почти все деньги. А многие не успели и теперь очень сильно ограничены в бюджете Но я предполагаю, что из-за событий на Украине у нас вполне могут быть проблемы с поиском работы в Европе. Но надеюсь, что этого не будет. У меня недавно было собеседование, никаких предубеждений не почувствовал. Мне почему-то кажется, что в Европе будет нормальное отношение, а вот в Штатах, наверное, будет похуже. Кристина, 24 года, студентка Миддлберийского института международных исследований Часть моих преподавателей российского происхождения, поэтому обсуждение кризиса началось у нас в группе с первого дня [спецоперации России на Украине]. 28 февраля президент нашего института разослала всем студентам письмо с огромным перечнем мероприятий, посвященных началу событий. Это и панельные дискуссии, и лекции, и студенческие инициативы. Она также сообщила, что сотрудники уже начали работу по поддержке студентов из России, Украины и граничащих с ними стран. В этот же день студентам моей русско-английской программы пришло письмо от декана переводческого факультета. Она выражала надежду, что с нами и нашими семьями все хорошо, попросила сообщать ей напрямую, если нужна любая помощь. Руководитель департамента по работе со студентами отправила ссылки на ресурсы психологической помощи. В США все очень серьезно относятся ко всему, что сейчас происходит на Украине. Россию на самом высоком уровне называют страной агрессором, но при этом меня и других студентов из России никаким образом не ущемляют в правах, нам не угрожают. Американцы не из университетской среды, с которыми я общаюсь, стали внимательнее и дружелюбнее. Они понимают, как я и другие русские ребята сейчас себя чувствуем и через что проходим психологически и морально. У меня абсолютная неопределенность по поводу того, каким образом я вообще буду возвращаться в Россию. Я стипендиат международной обменной программы, курируемой Госдепом США. Кто в нынешнем контексте возьмет меня на работу в России после двух лет такого спонсирования — большой вопрос Анатолий (имя изменено), 22 года, студент Льежского университета Значительных реакций на украинские события тут нет. Только всем русским и украинским студентам отправили письма от универа со словами поддержки и ссылками куда обращаться, если потребуется психологическая и социальная помощь. Никаких намеков или даже разговоров об отчислении у нас не было. Отношение ко мне тоже не изменилось. Многие выражают сочувствие и надеются на скорое разрешение конфликта. Единственное, есть ощущение, что на фоне событий мне будет сложнее получить рабочую или студенческую визу, чтобы продолжить работать и учиться в Европе. Фото: Virginia Mayo / AP  Нина, 26 лет, девять лет живет в Лондоне За все время жизни здесь я не встречалась с дискриминацией по национальному признаку напрямую. Однако мне доводилось общаться с людьми, которые не пытаются разобраться в том, что происходит в мировой политике, и мыслят стереотипно. Вот они могли задавать глупые вопросы о России. В связи с последними событиями я не заметила ухудшения отношения местных к русским. Мне сложно сказать что-то про русскоязычных лондонцев: у меня не так много таких знакомых, но в общении с ними ничего не изменилось. В основном я общаюсь с европейцами, и в их отношении к русским тоже не произошло никаких изменений. Лично ко мне хуже относиться не стали. Более того, я почувствовала поддержку от коллег: они поняли, что я сейчас нахожусь в трудной ситуации, и предложили помощь как в плане работы, так и в плане каких-то личных вещей. Например, они сказали, что если я захочу о чем-то поговорить, они всегда рядом. Мой начальник, чья жена наполовину украинка, также не остался в стороне — он позвонил мне и сказал, чтобы я не думала, что на моих плечах лежит ответственность за все, что сейчас происходит Даниил, 27 лет, младший научный сотрудник в университете города Оттава Канада — страна иммигрантов, здесь стараются не судить людей по месту их происхождения, поэтому с дискриминацией из-за моей национальности я не встречался. В обществе есть стереотипы про русских, но они носят юмористический характер. Никаких изменений отношения к себе местных из-за последних событий не заметил. В основном люди понимают, что обычные россияне не имеют отношения к происходящему. Также они понимают, что не все россияне поддерживают политические решения в отношении Украины. Тем не менее я не исключаю роста русофобии, если происходящее на Украине будет продолжаться В Канаде проживает одна из самых больших украинских диаспор, так что я не буду удивлен росту негативного отношения к России и россиянам. Но это вряд ли примет национальный масштаб и скорее останется на локальном уровне. Тут существуют методы борьбы с необоснованной дискриминацией. Валерий, 26 лет, четыре года живет в Пекине За все время здесь я не сталкивался с дискриминацией. Разве что были случаи, когда китайцы из-за коронавируса боялись приезжих или обходили их стороной, но на этом все. Я не заметил ухудшения отношения к россиянам в связи с событиями на Украине. В Китае в целом тепло относятся к иностранцам, а тем более к выходцам из России, поскольку считают ее дружественной страной. Лично я вижу со стороны знакомых китайцев только поддержку и надежду, что конфликт России и Украины скоро закончится. Фото: Andy Wong / AP Большинство местных жителей разделяют позицию китайских лидеров, которые, в свою очередь, поддерживают позицию России. Очень многие китайцы сейчас пытаются помочь России, покупая товары и продукты российского производства. Не думаю, что события на Украине негативно скажутся на моей жизни в Китае, но, конечно, многое зависит от того, как ситуация будет развиваться дальше. Я надеюсь, что это все скоро закончится. Собеседники «Ленты.ру» не смогли подтвердить информацию о фактах отчисления россиян из зарубежных вузов, а некоторые студенты предоставили письменные подтверждения того, что руководство учебных заведений не собирается их исключать. Редакция направила запросы во все учебные заведения, упомянутые в заявлении Татьяны Москальковой, однако пока ответов от них не последовало. Редакция «Ленты.ру» продолжит следить за ситуацией."
